                  epoch,         train/box_loss,         train/cls_loss,         train/dfl_loss,   metrics/precision(B),      metrics/recall(B),       metrics/mAP50(B),    metrics/mAP50-95(B),           val/box_loss,           val/cls_loss,           val/dfl_loss,                 lr/pg0,                 lr/pg1,                 lr/pg2
                      1,                 1.3592,                 1.0796,                 1.2196,                      0,                      0,                      0,                      0,                    nan,                    nan,                    nan,             0.00066507,             0.00066507,             0.00066507
                      2,                 1.4261,                 1.0132,                 1.2781,                      0,                      0,                      0,                      0,                    nan,                    nan,                    nan,              0.0010681,              0.0010681,              0.0010681
                      3,                 1.3565,                 0.9144,                 1.2452,                      0,                      0,                      0,                      0,                    nan,                    nan,                    nan,               0.001207,               0.001207,               0.001207
                      4,                 1.2475,                0.76585,                 1.1963,                      0,                      0,                      0,                      0,                    nan,                    nan,                    nan,               0.000812,               0.000812,               0.000812
                      5,                 1.2164,                0.72359,                 1.1738,                      0,                      0,                      0,                      0,                    nan,                    nan,                    nan,               0.000812,               0.000812,               0.000812
